INSERT INTO users (id, first_name, last_name, password, email, phone_number, date_of_birth)
VALUES
    (1, 'John', 'Doe', 'password123', 'john.doe@example.com', '555-111-1234', '1990-05-15'),
    (2, 'Jane', 'Smith', 'letmein456', 'jane.smith@example.com', '555-222-5678', '1985-09-23'),
    (3, 'Michael', 'Johnson', 'securepass', 'michael.johnson@example.com', '555-333-9876', '1982-12-07'),
    (4, 'Emily', 'Brown', 'password', 'emily.brown@example.com', '555-444-2345', '1993-07-11'),
    (5, 'William', 'Davis', 'p@ssw0rd!', 'william.davis@example.com', '555-555-7890', '1988-03-29'),
    (6, 'Sarah', 'Wilson', 'abc123xyz', 'sarah.wilson@example.com', '555-666-3456', '1995-02-14'),
    (7, 'Matthew', 'Martinez', 'qwerty123', 'matthew.martinez@example.com', '555-777-6789', '1991-11-30'),
    (8, 'Jessica', 'Garcia', 'pa$$w0rd', 'jessica.garcia@example.com', '555-888-4321', '1987-06-18'),
    (9, 'Daniel', 'Rodriguez', 'pass123word', 'daniel.rodriguez@example.com', '555-999-8765', '1984-04-22'),
    (10, 'Ashley', 'Lopez', 'securepwd', 'ashley.lopez@example.com', '555-1010-2109', '1994-08-08'),
    (11, 'Christopher', 'Gonzalez', 'letmein', 'christopher.gonzalez@example.com', '555-1111-6543', '1989-01-02'),
    (12, 'Amanda', 'Miller', 'password!', 'amanda.miller@example.com', '555-1212-1098', '1992-10-17'),
    (13, 'James', 'Hernandez', '12345678', 'james.hernandez@example.com', '555-1313-7654', '1986-12-03'),
    (14, 'Jennifer', 'Walker', 'passw0rd', 'jennifer.walker@example.com', '555-1414-3210', '1996-04-25'),
    (15, 'Robert', 'Perez', 'password123!', 'robert.perez@example.com', '555-1515-6547', '1983-09-19'),
    (16, 'Megan', 'Sanchez', 'securepassword', 'megan.sanchez@example.com', '555-1616-7891', '1990-07-08'),
    (17, 'David', 'Young', 'abc@123', 'david.young@example.com', '555-1717-4325', '1985-05-12'),
    (18, 'Mary', 'Flores', 'qazwsxedc', 'mary.flores@example.com', '555-1818-8761', '1988-02-28'),
    (19, 'Joshua', 'Nguyen', 'letmein@123', 'joshua.nguyen@example.com', '555-1919-2109', '1993-11-15'),
    (20, 'Samantha', 'King', 'passwordabc', 'samantha.king@example.com', '555-2020-5678', '1987-08-21');

INSERT INTO items (id, name, price, stock_quantity)
VALUES
    (1, 'Apples', 1.99, 100),
    (2, 'Bananas', 0.79, 150),
    (3, 'Oranges', 1.49, 120),
    (4, 'Potatoes (5 lb bag)', 2.99, 80),
    (5, 'Carrots (per pound)', 0.99, 120),
    (6, 'Lettuce', 1.29, 100),
    (7, 'Tomatoes', 1.69, 90),
    (8, 'Cucumbers', 0.89, 110),
    (9, 'Bell Peppers', 1.79, 80),
    (10, 'Onions (per pound)', 0.69, 130),
    (11, 'Milk (1 gallon)', 3.49, 60),
    (12, 'Eggs (dozen)', 2.29, 100),
    (13, 'Bread (loaf)', 2.99, 120),
    (14, 'Chicken Breasts (per pound)', 3.99, 80),
    (15, 'Ground Beef (per pound)', 4.49, 90),
    (16, 'Salmon Fillet (per pound)', 9.99, 50),
    (17, 'Pasta (1 lb)', 1.49, 150),
    (18, 'Rice (2 lb bag)', 2.79, 100),
    (19, 'Cereal (box)', 3.29, 80),
    (20, 'Coffee (ground, 12 oz)', 5.99, 70);

INSERT INTO bills (id, issue_date, user_id, total_amount)
VALUES
    (1, '2024-07-15', 1, 9.87),
    (2, '2024-07-16', 2, 6.56),
    (3, '2024-07-17', 3, 3.08),
    (4, '2024-07-18', 4, 2.47),
    (5, '2024-07-19', 5, 5.78),
    (6, '2024-07-20', 5, 10.96),
    (7, '2024-07-21', 7, 8.78),
    (8, '2024-07-22', 8, 9.28),
    (9, '2024-07-23', 9, 3.78),
    (10, '2024-07-24', 9, 1.58),
    (11, '2024-07-25', 10, 3.18),
    (12, '2024-07-26', 11, 3.78),
    (13, '2024-07-27', 12, 7.38),
    (14, '2024-07-28', 13, 7.78),
    (15, '2024-07-29', 14, 11.76),
    (16, '2024-07-30', 15, 7.28),
    (17, '2024-07-31', 16, 3.48),
    (18, '2024-08-01', 17, 3.48),
    (19, '2024-08-02', 18, 1.78),
    (20, '2024-08-03', 19, 6.66),
    (21, '2024-08-04', 20, 2.98),
    (22, '2024-08-05', 8, 5.76),
    (23, '2024-08-06', 18, 8.36),
    (24, '2024-08-07', 19, 4.47),
    (25, '2024-08-08', 9, 7.78),
    (26, '2024-08-09', 15, 3.29),
    (27, '2024-08-10', 13, 11.97),
    (28, '2024-08-11', 15, 4.78),
    (29, '2024-08-12', 10, 3.18),
    (30, '2024-08-13', 10, 7.48);

INSERT INTO bill_item_records (id, bill_id, item_id, quantity, purchased_unit_price)
VALUES
    (1, 1, 3, 1, 1.99),
    (2, 1, 3, 1, 0.99),
    (3, 2, 1, 1, 1.49),
    (4, 2, 2, 1, 1.69),
    (5, 3, 1, 1, 1.29),
    (6, 3, 1, 1, 1.79),
    (7, 4, 2, 1, 0.89),
    (8, 4, 1, 1, 0.69),
    (9, 5, 1, 1, 3.49),
    (10, 5, 1, 1, 2.29),
    (11, 6, 2, 1, 2.99),
    (12, 6, 1, 1, 4.49),
    (13, 7, 1, 1, 3.99),
    (14, 7, 2, 1, 1.49),
    (15, 8, 1, 1, 2.79),
    (16, 8, 1, 1, 5.99),
    (17, 9, 1, 1, 3.29),
    (18, 9, 2, 1, 9.99),
    (19, 10, 1, 1, 1.99),
    (20, 10, 1, 1, 2.99),
    (21, 11, 1, 1, 0.79),
    (22, 11, 1, 1, 1.29),
    (23, 12, 1, 1, 1.49),
    (24, 12, 3, 1, 1.69),
    (25, 13, 3, 1, 0.99),
    (26, 13, 1, 1, 1.79),
    (27, 14, 2, 1, 0.89),
    (28, 14, 2, 1, 3.49),
    (29, 15, 1, 1, 0.69),
    (30, 15, 1, 1, 2.99),
    (31, 16, 1, 1, 2.29),
    (32, 16, 1, 1, 4.49),
    (33, 17, 1, 1, 3.99),
    (34, 17, 1, 1, 1.49),
    (35, 18, 1, 1, 2.79),
    (36, 18, 3, 1, 5.99),
    (37, 19, 1, 1, 3.29),
    (38, 19, 1, 1, 9.99),
    (39, 20, 2, 1, 1.99),
    (40, 20, 1, 1, 1.49),
    (41, 21, 1, 1, 0.79),
    (42, 21, 3, 1, 0.99),
    (43, 22, 1, 1, 2.99),
    (44, 22, 2, 1, 1.69),
    (45, 23, 1, 1, 1.29),
    (46, 23, 1, 1, 1.79),
    (47, 24, 2, 1, 0.89),
    (48, 24, 1, 1, 0.69),
    (49, 25, 1, 1, 3.49),
    (50, 25, 1, 1, 2.29);
